{"Episode/rew_contact":0.3359059691429138,"Loss/surrogate":-0.005778203788213432,"Episode/rew_tracking_lin_vel":0.8312182426452637,"Loss/value_function":0.006375994230620563,"Train/mean_episode_length":999.8,"Policy/mean_noise_std":0.46763139963150024,"Episode/rew_orientation":-0.0033007680904120207,"Episode/rew_contact_no_vel":-0.03438602015376091,"Episode/rew_dof_acc":-0.04451606422662735,"Episode/rew_base_height":-0.025012779980897903,"Episode/rew_collision":-0.000670138921122998,"Perf/total_fps":132212,"Episode/rew_lin_vel_z":-0.022323211655020714,"_step":9999,"_runtime":7733.459610783,"Episode/rew_alive":0.14964930713176727,"_timestamp":1.7361994354198158e+09,"Episode/rew_tracking_ang_vel":0.360065221786499,"Episode/rew_ang_vel_xy":-0.020596731454133987,"Episode/rew_dof_pos_limits":-0.004461138509213924,"Episode/rew_feet_swing_height":-0.02005176618695259,"Train/mean_reward":28.229973735809327,"_wandb":{"runtime":7733},"Episode/rew_action_rate":-0.07426737248897552,"Episode/rew_hip_pos":-0.053082093596458435}