{"Episode/rew_contact":0.3465624749660492,"Policy/mean_noise_std":0.23824386298656464,"Episode/rew_alive":0.15030086040496826,"_timestamp":1.7362263428273404e+09,"Episode/rew_collision":-1.0416667464596685e-05,"Episode/rew_tracking_lin_vel":5.433461410575546e-06,"_runtime":7695.623541517,"Episode/rew_ang_vel_xy":-0.006263491697609425,"_wandb":{"runtime":7695},"Episode/rew_tracking_ang_vel":0.4684267044067383,"Train/mean_reward":17.66849515914917,"Loss/value_function":0.0006336347010801546,"Episode/rew_dof_pos_limits":-0.0004641683481168002,"Episode/rew_hip_pos":-0.013971386477351189,"_step":9999,"Episode/rew_feet_swing_height":-0.00402461364865303,"Train/mean_episode_length":1002,"Episode/rew_stand_still":0,"Episode/rew_orientation":-0.0012822498101741076,"Episode/rew_base_height":-0.008519016206264496,"Episode/rew_dof_acc":-0.013031691312789917,"Episode/rew_contact_no_vel":-0.012071419507265091,"Perf/total_fps":129433,"Episode/rew_lin_vel_z":-0.012353187426924706,"Loss/surrogate":-0.0019451422267593443,"Episode/rew_action_rate":-0.02005143277347088}