{"Loss/value_function":3.3681014852127155e-10,"Episode/rew_tracking_lin_vel":0.00041180942207574844,"Episode/rew_base_height":-9.991638944484293e-05,"Episode/rew_feet_swing_height":-0.0063034347258508205,"Episode/rew_tracking_ang_vel":0.0001764848711900413,"_timestamp":1.736199431821637e+09,"_step":5061,"Episode/rew_dof_pos_limits":-0.005020365118980408,"Policy/mean_noise_std":84.17029571533203,"Episode/rew_lin_vel_z":-0.004948284476995468,"Episode/rew_orientation":-0.0008219244191423059,"Episode/rew_alive":0.0007545494008809328,"Episode/rew_hip_pos":-0.0023853990714997053,"_wandb":{"runtime":5626},"Train/mean_reward":0,"Train/mean_episode_length":5.15,"Loss/surrogate":-0.0023067783666192556,"Episode/rew_stand_still":-0.018378548324108124,"Episode/rew_contact":0.0008994840900413692,"Perf/total_fps":64304,"Episode/rew_action_rate":-2.8238914012908936,"Episode/rew_contact_no_vel":-0.005230562295764685,"_runtime":5626.306173263,"Episode/rew_ang_vel_xy":-0.011134900152683258,"Episode/rew_dof_acc":-0.003706346731632948,"Episode/rew_collision":-0.0008720863843336701}