{"Episode/rew_contact_no_vel":-0.003486339468508959,"_step":50,"Episode/rew_tracking_ang_vel":0.0065931398421525955,"_wandb":{"runtime":617},"Episode/rew_feet_swing_height":-0.001115263905376196,"Train/mean_episode_length":37.37,"Policy/mean_noise_std":0.5566932559013367,"Episode/rew_base_height":-0.011433287523686886,"Loss/value_function":0.0005508160538738593,"Episode/rew_tracking_lin_vel":0.002990520326420665,"Episode/rew_alive":0.0058638001792132854,"Episode/rew_dof_acc":-0.0028764409944415092,"Episode/rew_orientation":-0.005686688236892223,"Episode/rew_action_rate":-0.0028229421004652977,"Perf/total_fps":8246,"Episode/rew_lin_vel_z":-0.0039857965894043446,"_timestamp":1.73618931879025e+09,"Episode/rew_hip_pos":-0.0018200406339019537,"Episode/rew_dof_pos_limits":-0.000943855382502079,"Episode/rew_contact":0.00831959955394268,"Episode/rew_ang_vel_xy":-0.0071336133405566216,"Episode/rew_collision":-4.014624209958129e-06,"_runtime":617.930779666,"Train/mean_reward":0.12908364294096827,"Loss/surrogate":-0.01065139421261847}