{"Train/mean_episode_length":36.39,"Episode/rew_hip_pos":-0.002333492273464799,"Train/mean_reward":0.04914731882658088,"Episode/rew_contact_no_vel":-0.005821732804179192,"Episode/rew_tracking_lin_vel":0.002452908083796501,"Episode/rew_dof_acc":-0.00626775249838829,"Episode/rew_feet_swing_height":-0.0024881158024072647,"Episode/rew_alive":0.005618908908218145,"Episode/rew_lin_vel_z":-0.005164646543562412,"Policy/mean_noise_std":0.7122543454170227,"Loss/value_function":0.0002827214455464855,"Loss/surrogate":-0.014283648156560958,"Episode/rew_base_height":-0.01034779753535986,"Episode/rew_action_rate":-0.004073845222592354,"Perf/total_fps":113532,"_runtime":25.153968977,"Episode/rew_ang_vel_xy":-0.00763749098405242,"Episode/rew_contact":0.00735960528254509,"_timestamp":1.7361876427523756e+09,"_step":18,"Episode/rew_orientation":-0.006613932549953461,"Episode/rew_tracking_ang_vel":0.004157858435064554,"Episode/rew_dof_pos_limits":-0.0006450642249546945,"_wandb":{"runtime":25},"Episode/rew_collision":-1.0271425708197057e-05}