{"Episode/rew_orientation":-0.1495131552219391,"Episode/rew_action_rate":-2.565641164779663,"Episode/rew_ang_vel_xy":-2.388629913330078,"Episode/rew_hip_pos":-0.33350175619125366,"Episode/rew_alive":0.14505629241466522,"Episode/rew_forward":-23.359189987182617,"Episode/rew_tracking_lin_vel":0.1878109872341156,"_timestamp":1.7362025041824515e+09,"Episode/rew_feet_swing_height":-7.004363536834717,"_step":9999,"Episode/rew_gait_symmetry":0.068738654255867,"_runtime":10323.282290428,"_wandb":{"runtime":10323},"Train/mean_reward":2062.4656169128416,"Episode/rew_dof_pos_limits":-0.2918931245803833,"Episode/rew_lin_vel_z":-1.4152419567108154,"Episode/rew_collision":-0.020777232944965363,"Loss/value_function":33.938876152038574,"Loss/surrogate":-0.0019203598727472126,"Episode/rew_contact":0.1654244065284729,"Episode/rew_base_height":-0.01108931377530098,"Episode/rew_energy":-95.6783447265625,"Episode/rew_dof_acc":-0.5651091933250427,"Episode/rew_tracking_ang_vel":0.07281243056058884,"Episode/rew_contact_no_vel":-1.4257795810699463,"Policy/mean_noise_std":0.6130678653717041,"Perf/total_fps":114934,"Train/mean_episode_length":966.3}