{"Episode/rew_dof_acc":-0.007945049554109573,"Episode/rew_tracking_lin_vel":0.01702888309955597,"Episode/rew_lin_vel_z":-0.013370546512305737,"Episode/rew_orientation":-0.0070678493939340115,"Episode/rew_alive":0.019063524901866913,"_step":107,"Train/mean_reward":2.098053014650941,"Loss/value_function":0.024847433716058732,"Episode/rew_contact_no_vel":-0.012787086889147758,"Episode/rew_collision":-4.08886480727233e-05,"Episode/rew_hip_pos":-0.006043718662112951,"Episode/rew_ang_vel_xy":-0.010913554579019547,"Episode/rew_contact":0.03507455438375473,"Episode/rew_tracking_ang_vel":0.028445526957511902,"_runtime":1269.224470784,"Episode/rew_dof_pos_limits":-0.0015896011609584093,"Perf/total_fps":8497,"Train/mean_episode_length":138.05,"Episode/rew_feet_swing_height":-0.004237739369273186,"_timestamp":1.7361906128254523e+09,"Episode/rew_action_rate":-0.008689835667610168,"Episode/rew_gait_symmetry":0.049404166638851166,"Policy/mean_noise_std":0.4934651851654053,"Loss/surrogate":-0.0044505733763799075,"Episode/rew_base_height":-0.017180822789669037,"_wandb":{"runtime":1269}}