{"Loss/surrogate":-0.0070596736448351296,"Episode/rew_gait_symmetry":0.36428916454315186,"Episode/rew_contact":0.26082515716552734,"Loss/value_function":0.02373596066609025,"Policy/mean_noise_std":0.6198405623435974,"Episode/rew_tracking_ang_vel":0.1877683848142624,"Episode/rew_action_rate":-0.09904002398252487,"_timestamp":1.7362353445729978e+09,"Episode/rew_dof_vel":-0.0678902417421341,"Episode/rew_tracking_lin_vel":0.46146926283836365,"Episode/rew_feet_swing_height":-0.03386792540550232,"Episode/rew_dof_pos_limits":-0.006969604175537825,"Episode/rew_hip_pos":-0.03867804631590843,"Train/mean_reward":19.2314895061031,"Perf/total_fps":9386,"Train/mean_episode_length":821.38,"_wandb":{"runtime":2888},"Episode/rew_collision":-0.0013570436276495457,"_runtime":2888.652981756,"Episode/rew_ang_vel_xy":-0.03650493919849396,"Episode/rew_lin_vel_z":-0.07370618730783463,"Episode/rew_stand_still":0,"Episode/rew_base_height":-0.027882320806384087,"Episode/rew_alive":0.12291201949119568,"Episode/rew_dof_acc":-0.0682421624660492,"Episode/rew_contact_no_vel":-0.06300289928913116,"_step":269,"Episode/rew_orientation":-0.010440079495310783}