{"Episode/rew_hip_pos":-0.0022856981959193945,"Train/mean_episode_length":34.88,"Episode/rew_dof_acc":-0.006076402496546507,"Episode/rew_collision":-3.838900738628581e-06,"_timestamp":1.736190538851285e+09,"Episode/rew_dof_pos_limits":-0.0006418974953703582,"Episode/rew_ang_vel_xy":-0.00751793198287487,"Episode/rew_action_rate":-0.003974148537963629,"Train/mean_reward":0.12305598835926503,"Episode/rew_tracking_ang_vel":0.004051679279655218,"Episode/rew_contact":0.007505906280130148,"Episode/rew_gait_symmetry":0.01064582820981741,"Episode/rew_tracking_lin_vel":0.0024196174927055836,"Loss/surrogate":-0.013104213553015142,"Loss/value_function":0.0006315313425147906,"Episode/rew_base_height":-0.010067024268209934,"Episode/rew_orientation":-0.006582034286111593,"Perf/total_fps":36399,"_wandb":{"runtime":56},"_step":13,"Episode/rew_feet_swing_height":-0.002546914853155613,"Episode/rew_lin_vel_z":-0.004733131732791662,"Episode/rew_alive":0.00563398702070117,"Episode/rew_contact_no_vel":-0.005521133076399565,"Policy/mean_noise_std":0.7093285918235779,"_runtime":56.946924541}