{"_wandb":{"runtime":2464},"Episode/rew_forward":-1.8823013305664062,"Policy/mean_noise_std":0.3630804419517517,"Episode/rew_torques":-0.17107586562633514,"Perf/total_fps":60650,"Episode/rew_energy":14.182548522949219,"Episode/rew_alive":20.039810180664062,"Loss/surrogate":-0.001297706738114357,"Episode/rew_dof_pos_limits":-0.3855113387107849,"_runtime":2464.374521062,"Train/mean_episode_length":1002,"_timestamp":1.7361948122584996e+09,"Train/mean_reward":636.5767462158203,"_step":1499,"Loss/value_function":0.46164397746324537}