{"Perf/total_fps":132246,"_runtime":7785.04448707,"Loss/surrogate":-0.004531051509547979,"_step":9999,"Episode/rew_action_rate":-0.06638268381357193,"Episode/rew_stand_still":0,"Episode/rew_tracking_ang_vel":0.3919062614440918,"Episode/rew_tracking_lin_vel":0.859427809715271,"Train/mean_episode_length":999.75,"_wandb":{"runtime":7785},"Episode/rew_base_height":-0.017353396862745285,"Episode/rew_alive":0.1499544382095337,"Episode/rew_contact":0.33632421493530273,"Episode/rew_collision":-2.752976433839649e-05,"Train/mean_reward":30.22661045074463,"Episode/rew_contact_no_vel":-0.036947574466466904,"Episode/rew_feet_swing_height":-0.01524787675589323,"_timestamp":1.7362018255688567e+09,"Episode/rew_lin_vel_z":-0.021223828196525574,"Episode/rew_ang_vel_xy":-0.018235109746456146,"Episode/rew_hip_pos":-0.04569204896688461,"Loss/value_function":0.003989336418453604,"Episode/rew_dof_acc":-0.042174845933914185,"Episode/rew_dof_pos_limits":-0.0020565977320075035,"Policy/mean_noise_std":0.4188172519207001,"Episode/rew_orientation":-0.002768951468169689}